Date,Open,High,Low,Close,Adj Close,Volume
1/1/2020,137.45,187.1,183.93,139.52,129.99,6925803
1/2/2020,195.07,171.41,100.38,172.84,147.43,5675195
1/3/2020,173.2,180.17,124.68,134.58,116.8,9131526
1/6/2020,159.87,133.95,174.09,167.11,135.48,9957541
1/7/2020,115.6,181.48,131.63,180.54,140,1384903
1/8/2020,115.6,108.01,110.19,194.68,105.74,8609420
1/9/2020,105.81,189.48,136.02,140.02,158.33,2768407
1/10/2020,186.62,154.76,127.04,178.33,188.43,9105925
1/13/2020,160.11,181.73,184.27,126.59,115.17,6521980
1/14/2020,170.81,145.23,131.33,199.03,159.78,8249433
1/15/2020,102.06,164.36,178.89,102.58,166.47,6125702
1/16/2020,196.99,152.64,189.19,160.35,141.93,2540710
1/17/2020,183.24,173.16,143.38,165.95,170.11,4346386
1/20/2020,121.23,108.16,190.99,168.8,141.07,6783877
1/21/2020,118.18,106.04,137.73,112.04,150.46,7672028
1/22/2020,118.34,124.71,196.41,193.85,100.74,7461202
1/23/2020,130.42,115.95,108.93,118.12,169.17,5294329
1/24/2020,152.48,187.18,168.7,162.28,166.13,8750981
1/27/2020,143.19,121.92,149.38,122.27,103.84,2199728
1/28/2020,129.12,197.59,138.76,130.72,136.83,2543992
1/29/2020,161.19,133.69,163.27,154.65,197.9,2959484
1/30/2020,113.95,118.21,170.39,141.72,142.07,1767128
1/31/2020,129.21,178.97,100.44,116.02,150.19,5509408
2/3/2020,136.64,165.87,116.7,117.09,190.99,3331774
2/4/2020,145.61,149.82,171.3,141.81,171.73,1434368
2/5/2020,178.52,155.54,166.64,175.73,158.21,7077449
2/6/2020,119.97,171.92,196.6,189.8,179.78,3834523
2/7/2020,151.42,122.85,176.1,108.41,186.44,2167498
2/10/2020,159.24,199.63,195.08,139.31,145.69,9905184
2/11/2020,104.65,197.48,170.25,110.02,147.51,4791296
2/12/2020,160.75,165.03,129.81,101.66,138.61,8020480
2/13/2020,117.05,119.95,110.54,166.17,196.67,3933811
2/14/2020,106.51,168.02,178.18,160.24,169.72,4833538
2/17/2020,194.89,107.22,164.41,116.3,108.32,9919757
2/18/2020,196.56,103.07,104.82,123.38,186.3,1238366
2/19/2020,180.84,125.77,136.01,102.37,148.06,7877037
2/20/2020,130.46,146.26,195.68,183.49,106.88,5407900
2/21/2020,109.77,186.83,150.04,197.47,154.97,9457123
2/24/2020,168.42,172.72,143.27,113.55,141.72,9805348
2/25/2020,144.02,174.27,145.77,123.15,187.77,9033076
2/26/2020,112.2,142.55,120.89,186.84,120.4,1941208
2/27/2020,149.52,134.59,136.87,192.65,182.65,5383233
2/28/2020,103.44,137.1,136.98,141.96,155.77,3967381
3/2/2020,190.93,198.76,105.24,105.06,105.46,4114659
3/3/2020,125.88,104.01,176.76,103.94,197.18,8303667
3/4/2020,166.25,186.7,141.65,157.39,151.26,7537932
3/5/2020,131.17,157.87,182.22,139.29,129.09,6607414
3/6/2020,152.01,143.86,185.03,102.87,146.94,7095513
3/9/2020,154.67,172.53,121.2,158.33,185.79,9411603
3/10/2020,118.49,148.67,165.74,101.13,130.49,2653005
3/11/2020,196.96,187.34,147.23,178.74,119.27,7243383
3/12/2020,177.51,190.07,188.02,130.64,112.91,1441168
3/13/2020,193.95,142.17,121.57,104.03,129.79,6947117
3/16/2020,189.48,127.68,167.78,158.84,178,9888079
3/17/2020,159.79,159.24,160.78,139.77,147.16,7074999
3/18/2020,192.19,191.24,129.53,197.38,122.75,5949331
3/19/2020,108.85,121.07,113.66,154.42,116.62,6280156
3/20/2020,119.6,162.3,165.16,127.52,133.27,9399122
3/23/2020,104.52,163.16,173.86,170.94,193.99,3144608
3/24/2020,132.53,173.31,131.56,127.15,134.3,6506126
3/25/2020,138.87,113.16,164.48,190.42,198.81,3930299
3/26/2020,127.13,171.58,139.51,137.47,148.52,8818441
3/27/2020,182.87,190.9,171.32,154.99,117.92,6091281
3/30/2020,135.68,117.97,119.92,105.06,189.11,1628373
3/31/2020,128.09,123.75,189.02,142.61,146.04,1633389
4/1/2020,154.27,197.14,128.74,183.24,170.97,9379482
4/2/2020,114.09,118.1,136.78,180.56,198.37,2157260
4/3/2020,180.22,185.44,105.81,122.43,105.02,8862148
4/6/2020,107.46,149.23,111.15,122.61,109.67,7232474
4/7/2020,198.69,124.72,151.59,181.73,172.05,4355000
4/8/2020,177.22,187.07,126.76,193.04,128.18,4581311
4/9/2020,119.87,144.53,183.55,109.54,118.43,7158157
4/10/2020,100.55,151.48,101.47,145.01,103.94,4783831
4/13/2020,181.55,135.92,137.91,133.75,102.18,6182190
4/14/2020,170.69,159.3,133.73,187.07,177.45,2350093
4/15/2020,172.9,116.35,101.93,108.35,113.44,8645195
4/16/2020,177.13,139.11,112.44,121.11,146.77,9582299
4/17/2020,107.4,196.94,141.36,175.25,160.59,5475687
4/20/2020,135.85,125.81,149.29,105.13,142.84,6755327
4/21/2020,111.59,165.67,140.43,149.25,102.71,3592440
4/22/2020,186.31,132.52,153.09,144.21,178.35,9868577
4/23/2020,162.33,177.35,159.51,133.44,101.05,3491721
4/24/2020,133.09,113.09,100.99,139.46,176.19,1682346
4/27/2020,106.36,196.98,146.41,152.99,189.33,8313861
4/28/2020,131.1,145.38,196.35,116.14,143.28,5995427
4/29/2020,132.52,123.61,151.9,157.2,153.55,3931659
4/30/2020,172.96,107.35,167.75,180.54,147.7,1199542
5/1/2020,163.76,116.98,131.19,176.02,138.92,4483802
5/4/2020,188.72,151.98,177.4,115.39,188.74,8381740
5/5/2020,147.22,133.7,177.29,114.92,189.39,6087365
5/6/2020,111.96,182.89,152.13,126.82,133.58,5084032
5/7/2020,171.32,143.09,197.6,136.11,161.51,2223045
5/8/2020,176.08,124.87,112.56,140.85,192.69,9295445
5/11/2020,156.13,161.71,101.69,167.97,196.21,2936983
5/12/2020,177.1,170.68,177.02,105.67,150.9,2404568
5/13/2020,149.38,116.7,180.72,103.47,145.28,1760956
5/14/2020,152.27,116.76,112.02,139.19,127.87,4554382
5/15/2020,142.75,103.67,126.56,169.72,195.89,8297881
5/18/2020,102.54,173.64,101.76,119.34,114.28,8122887
5/19/2020,110.79,166.38,129.33,164.15,157.98,5357847
5/20/2020,103.14,147.46,177.31,125.98,128.26,5565861
5/21/2020,163.64,184.42,151.8,188.61,127.9,1499964
5/22/2020,131.44,180.57,134.81,189.57,140.5,3997493
5/25/2020,150.86,158.54,137.17,129.73,199.88,8578729
5/26/2020,190.76,186.83,100.14,123,105.5,7638784
5/27/2020,124.93,120.58,129.98,141.13,157.85,9394043
5/28/2020,141.04,111.19,164.65,124.05,108.26,1139565
5/29/2020,175.56,126.97,197.42,167.24,115.45,3942905
6/1/2020,122.88,105.71,184.71,182.61,143.96,4428261
6/2/2020,107.7,153.12,102.36,167.31,151.05,7322954
6/3/2020,128.98,193.66,189.86,182.44,125.88,9190219
6/4/2020,116.12,103.93,178.32,139.7,131.65,6082281
6/5/2020,192.97,112.21,178.04,115.63,108.7,5754417
6/8/2020,180.81,145.22,145.8,173.8,130.32,2327654
6/9/2020,163.34,193.39,139.8,136.05,196.66,3627014
6/10/2020,187.15,131.62,130.29,167.13,194.47,8995018
6/11/2020,180.37,150.72,106.57,127.06,133.49,6936419
6/12/2020,118.66,104.16,122.82,108.12,157.09,8210547
6/15/2020,189.26,114.83,124.66,199.26,190.96,8313184
6/16/2020,153.93,198.66,148.41,115.62,100.62,1447628
6/17/2020,180.74,196.51,174.74,198.84,181.07,6303441
6/18/2020,189.61,100.49,147.38,197.73,194.84,9853143
6/19/2020,131.8,195.18,105.78,179.38,109.13,3648191
6/22/2020,111.01,163.91,195.78,165.94,116.14,2348894
6/23/2020,122.79,186.79,194.27,157.78,196.07,7151990
6/24/2020,142.71,145.47,178.52,186.61,153.75,9445180
6/25/2020,181.8,151.56,199.13,128.94,101.42,4550985
6/26/2020,186.07,148.88,154.45,146.77,125.76,3513595
6/29/2020,100.7,166.69,196.28,161.94,144.99,9161665
6/30/2020,151.07,113.97,107.56,141.12,169.29,1737550
7/1/2020,141.74,103,136.57,142.75,173.32,6007106
7/2/2020,122.21,130.79,122.54,133.03,199.54,2798954
7/3/2020,111.99,170.47,119.58,156.42,128.75,1929090
7/6/2020,133.76,120.19,114.08,185.06,153.82,3802743
7/7/2020,194.29,167.34,162.24,120.15,153.33,9776510
7/8/2020,132.32,196.99,178.13,193.44,140.56,7165706
7/9/2020,151.88,109.39,157.83,168.91,116.92,2900302
7/10/2020,170.3,167.26,114.7,182.33,197.75,6846636
7/13/2020,136.36,144.38,181.11,155.62,185.33,1684659
7/14/2020,197.18,186.81,163.6,177.95,149.83,8430747
7/15/2020,196.24,117.71,138.82,101.62,160.32,8410825
7/16/2020,125.18,169.26,167.41,181.84,122.73,9828325
7/17/2020,149.72,183.81,125.99,104.01,154.38,7927416
7/20/2020,130.09,194.46,134.52,188.99,169.5,6385201
7/21/2020,128.48,168.32,191.75,199.2,151.52,8360401
7/22/2020,103.69,149.72,129.05,129.41,199.03,3241105
7/23/2020,160.96,161.78,147,121.03,161.13,2320307
7/24/2020,150.27,186.89,189.01,176.54,137.1,5675431
7/27/2020,105.15,157.06,170.77,125.3,177.22,8054378
7/28/2020,127.86,103.04,106.22,186.56,117.05,6119641
7/29/2020,190.83,193.09,114.73,110.28,138.45,6753670
7/30/2020,123.96,168.95,100.78,112.6,134.7,2095589
7/31/2020,114.49,167.65,163.09,197.92,143.18,5826176
8/3/2020,148.95,121.57,144.77,167.38,178.18,9466721
8/4/2020,198.57,165.89,113.43,184.69,148.42,2921792
8/5/2020,124.21,139.39,195.79,132.43,179.4,6754068
8/6/2020,167.21,165.12,152.97,167.65,157.65,2539219
8/7/2020,176.16,110.66,124.19,159.42,134.21,5589716
8/10/2020,123.76,165.78,150.06,160.32,181,1085395
8/11/2020,172.82,199.94,167.96,168.25,123.83,7063389
8/12/2020,136.78,104.82,107.62,157.54,122.44,8732605
8/13/2020,163.23,197.72,127.47,142.91,150.45,9061792
8/14/2020,163.35,140.69,180.7,127.59,126.08,8876375
8/17/2020,153.58,187.08,145.97,176.86,100.91,2093060
8/18/2020,109.03,178.24,154.66,122.63,164.83,4235863
8/19/2020,183.53,156.7,143.28,169.24,151.11,5383030
8/20/2020,132.08,173.84,104.39,123.33,144.55,9602831
8/21/2020,118.65,187.85,116.57,162.53,196.7,5169495
8/24/2020,104.08,140.41,144.55,174.71,157.12,3612761
8/25/2020,159.09,132.7,120.92,121.87,186.34,2995457
8/26/2020,167.76,166.76,105,105.99,113.95,2013071
8/27/2020,101.66,180.78,184.36,113.1,156.92,4275072
8/28/2020,151.21,176.23,198.12,160.6,186.8,5817842
8/31/2020,122.65,179.78,179.31,184.94,158.31,9676514
9/1/2020,164.52,143.56,185.38,104.5,171.8,4327786
9/2/2020,117.44,181.78,124.2,173.42,137.2,6932572
9/3/2020,169.09,112.02,196.06,134.13,109.24,3145977
9/4/2020,138.67,154.45,119.69,147.85,145.79,7714662
9/7/2020,193.67,100.58,195.14,192.89,139.45,3226217
9/8/2020,113.75,132.46,199.48,133.2,186.71,1632731
9/9/2020,134.11,136.65,171.17,146.53,124.4,9750364
9/10/2020,111.35,139.62,198.11,101.37,196.67,3214826
9/11/2020,192.47,169.55,156.95,108.16,195.81,4260802
9/14/2020,187.73,138.86,125.95,125.86,124.76,9905865
9/15/2020,125.79,144.87,143.7,102.79,134.81,5590778
9/16/2020,166,123.75,159.36,163.14,189.56,6149387
9/17/2020,181.72,137.33,107.31,142.64,196.66,6396910
9/18/2020,155.52,122.73,162.23,154.81,144.34,8827881
9/21/2020,152.97,107.32,198.12,117.46,132.1,4561497
9/22/2020,124.19,160.34,119.01,129.59,152.61,8318898
9/23/2020,109.31,166.82,179.26,166.38,168.78,1262199
9/24/2020,189.72,161.95,190.79,196.53,127.35,3870524
9/25/2020,190.04,146.35,194.37,105.04,173.65,2137273
9/28/2020,163.31,137.98,196.01,189.04,105.17,8441537
9/29/2020,133.9,186.33,152.15,157.69,104.93,4867293
9/30/2020,134.92,151.91,197.73,156.39,138.63,7107511
10/1/2020,172.6,147.92,175.73,150.03,135.35,1033734
10/2/2020,189.71,102.56,116.17,106.94,131.56,1213299
10/5/2020,188.71,134.12,147.69,108.99,149.1,3771034
10/6/2020,177.99,138.02,171.83,160.09,132.07,9531336
10/7/2020,164.2,139.88,124.73,134.1,119.23,1671253
10/8/2020,108.41,158.02,164.06,191.73,130.95,7688304
10/9/2020,116.16,153.36,166.66,140.66,197.49,7911616
10/12/2020,189.86,160.79,116.27,114.33,141.11,2006152
10/13/2020,160.64,176.49,156.51,171.47,144.47,7615379
10/14/2020,100.92,181.3,177.16,129.34,157.65,6626211
10/15/2020,110.15,171.81,149.89,152.55,198.33,4262331
10/16/2020,166.35,195.55,101.21,169.78,124.16,4993767
10/19/2020,100.51,101.82,100.9,190.03,168.13,4825091
10/20/2020,116.08,119.58,135.7,179.22,171.6,7914152
10/21/2020,154.87,100.76,192.62,167.64,160.73,6015551
10/22/2020,169.19,164.75,122.87,167.96,108.86,9026261
10/23/2020,165.2,189.8,163.44,194.59,167.69,7636393
10/26/2020,122.43,124.35,122.21,129.58,106.41,7701354
10/27/2020,171.22,192.7,132.17,100.11,159.61,4689638
10/28/2020,123.72,106.03,184.8,127.2,173.96,5486856
10/29/2020,132.54,193.44,172.89,121.79,121.1,7955653
10/30/2020,174.65,135.16,109.54,166.18,184.16,2208957
11/2/2020,164.96,110.14,142.87,163.37,103.04,7232302
11/3/2020,184.92,148.59,102.92,159.35,184.38,2141766
11/4/2020,165.76,125.68,148.09,101.62,146.03,7259471
11/5/2020,156.83,128.49,166.24,172.88,121.76,1524658
11/6/2020,109.37,130.73,111.85,132.35,113.38,6619236
11/9/2020,136.77,180.3,128.89,166.51,195.33,9108196
11/10/2020,126.52,153.92,139.78,155.66,107.27,1003196
11/11/2020,124.4,131.13,191.95,134.27,119.91,4657919
11/12/2020,197.3,161.03,199.33,113.46,134.78,7129877
11/13/2020,139.31,171.62,104.49,109.44,162.02,7105661
11/16/2020,189.2,127.26,176.1,183.15,154.48,8142727
11/17/2020,163.11,141.35,137.17,191.84,112.56,3603680
11/18/2020,179.48,112.19,139.25,164.98,128.97,7209774
11/19/2020,150.26,118.11,175.43,110.34,123.88,1858811
11/20/2020,157.69,168.11,191.84,140.2,121.35,5064337
11/23/2020,149.25,118.14,195.09,172.89,141.11,4636119
11/24/2020,119.52,152.52,157.71,177.98,170.4,4556995
11/25/2020,172.25,170.9,135.71,111.82,121.75,2667108
11/26/2020,128.08,110.69,178.75,100,136.67,3853507
11/27/2020,102.43,156.73,125.1,171.21,139.09,8593548
11/30/2020,164.55,125.66,156.41,135.66,197.65,8793404
12/1/2020,117.71,196.29,135.86,125.45,195.47,3154327
12/2/2020,194.05,148.35,165.66,101.29,180.01,5070081
12/3/2020,195.39,180.6,124.04,154.03,124.17,4917000
12/4/2020,191.49,155.02,119.16,185.12,106.8,9173542
12/7/2020,137.02,104.34,191.82,195.76,131.69,3350716
12/8/2020,101.55,163.32,110.18,156.57,126.68,2264008
12/9/2020,192.83,195.14,150.6,151.45,150.59,7456942
12/10/2020,142.82,160.16,122.09,108.51,177.77,3768654
12/11/2020,196.67,181.92,103.89,154.89,185.83,8061944
12/14/2020,196.36,188.42,103.6,138,184.49,4876345
12/15/2020,185.3,122.81,117.52,160.71,135.97,7057174
12/16/2020,129.44,121.2,186.68,138.87,168.72,3233414
12/17/2020,138.51,161.1,128.25,124.03,131.28,7134678
12/18/2020,185.11,141.1,195.05,109.5,106.09,9392939
12/21/2020,131.69,183.99,158.16,131.49,170.16,2565976
12/22/2020,116.95,190,143.66,109.66,100.98,4976808
12/23/2020,155.68,135.34,158.01,117.69,140.92,8630725
12/24/2020,193.62,123.69,151.67,198.73,132.94,9601462
12/25/2020,169.6,178.05,175.88,144.41,169.34,5744353
12/28/2020,157.01,127.48,128.25,153.19,176.62,2553416
12/29/2020,109.72,182.26,135.31,187.36,130.41,8260219
12/30/2020,161.5,142.37,189.41,199.56,181.16,3956156
12/31/2020,199.01,166.75,194.65,158.27,129.39,3281696
1/1/2021,114.01,109.55,189.26,181.25,144.63,2133243
1/4/2021,151.83,162.39,141.94,132.69,172.7,1004677
1/5/2021,187.74,145.18,178.04,130.57,169.29,9593188
1/6/2021,174.08,158.66,147.63,140.27,198.74,1130334
1/7/2021,169.7,116.8,149.75,167.25,122.52,5557885
1/8/2021,170.25,173.69,120.47,168.22,166.23,6162425
1/11/2021,135.95,186.28,159.11,131.52,160.97,3508963
1/12/2021,129.36,121.67,118.61,113.32,191.51,8820707
1/13/2021,180.94,109.57,133.16,163.24,115.64,6827316
1/14/2021,181.01,102.36,185.5,112.83,175.18,1558745
1/15/2021,186.71,164.2,120.71,157.85,156.83,9955427
1/18/2021,191.32,160.71,107.12,169.34,127.47,9582851
1/19/2021,151.13,154.67,106.9,170.06,147.44,3870741
1/20/2021,150.15,123.19,194.08,175.35,133.38,8910091
1/21/2021,179.83,139.09,150.69,187.29,157.93,1617423
1/22/2021,165,159.45,140.94,150,188.9,9979250
1/25/2021,170.2,149.68,181.09,173.02,156.93,3865893
1/26/2021,179.58,198.78,183.58,161.92,163.17,2250844
1/27/2021,189,113.64,133.22,118.66,151.87,1916094
1/28/2021,133.8,169.51,169.36,102.57,105.12,5289361
1/29/2021,137.56,140.43,177.11,128.45,123.29,1246889
2/1/2021,109.4,142.82,165.47,144.3,149.2,7719142
2/2/2021,157.83,171.76,115.16,161.71,131.02,2465088
2/3/2021,103.59,169.24,187.59,185,118.18,7147878
2/4/2021,146.56,199.13,153.91,119.62,150.41,7615316
2/5/2021,154.26,112.84,128.25,112.55,132.28,6269262
2/8/2021,128.65,110.41,142.52,196.35,125.81,5184251
2/9/2021,159.08,172.43,103.76,110.8,146.4,7838163
2/10/2021,103.05,157.84,112.79,147.85,113.33,5275542
2/11/2021,103.73,127.42,176.55,158.56,192.77,6236840
2/12/2021,182.26,107.94,100,154.14,186.77,2743227
2/15/2021,136.02,108.57,141.66,108.6,170.76,8660064
2/16/2021,112.71,189.42,152.25,105.7,110.62,1586470
2/17/2021,152.22,119.19,105.46,110.55,177.59,8170364
2/18/2021,177,132.34,197.31,158.56,180.8,4974409
2/19/2021,121.58,122.67,122.61,154.43,176.78,1177216
2/22/2021,162.29,135.5,130.42,123.37,111.4,5649292
2/23/2021,108.53,106.94,130.39,163.78,164.39,3176512
2/24/2021,105.17,151.91,123.04,182.01,183.43,4683460
2/25/2021,153.14,106.76,100.15,104.16,157.74,9512270
2/26/2021,154.06,180.04,172.93,149.81,164.64,2818352
3/1/2021,163.74,123.37,196.68,168.93,145.84,4244571
3/2/2021,172.61,154,122.43,125.23,152.87,3894558
3/3/2021,197.59,188.01,166.3,130.78,103.44,2480175
3/4/2021,151.63,165.09,174.19,161.36,163.9,2829484
3/5/2021,132.3,153.3,184.84,189.79,108.14,2667690
3/8/2021,179.52,132.43,142.26,180.99,143.5,5419425
3/9/2021,127.08,133.3,130.29,158.31,129.27,8217037
3/10/2021,143.9,166.95,132.53,173.02,154.54,6017226
3/11/2021,107.85,199.41,171.26,136.48,113.34,3746153
3/12/2021,102.54,166.18,181.68,164.1,169.16,9360927
3/15/2021,196.26,155.78,118.16,146.62,179.5,2104188
3/16/2021,183.6,173.07,137.09,118.99,116.34,8292496
3/17/2021,169.6,146.52,190.19,170.17,110.43,6125614
3/18/2021,140.9,106.01,180.67,155.65,114.55,4783112
3/19/2021,117.33,156.23,198.49,135.86,187.71,3306569
3/22/2021,115.64,195.76,175.42,191.13,152.82,1211463
3/23/2021,125.02,117.53,139.32,102.09,146.73,8185300
3/24/2021,154.92,169,159.06,131.58,110.67,1268602
3/25/2021,171.46,120.09,166.1,105.69,164.96,3394820
3/26/2021,166.02,153.58,107.85,176.65,186.8,6545501
3/29/2021,127.99,109.67,154.45,170.21,182.82,5736912
3/30/2021,195.49,145.04,170.93,133.14,162.61,3507720
3/31/2021,173.79,175.62,116.73,167.57,107.53,4742849
4/1/2021,155.44,134.76,178.06,139.59,111.24,9482084
4/2/2021,161.17,166.49,158.38,175.63,104.93,1114560
4/5/2021,141.96,179.54,195.22,145.42,125.75,6115011
4/6/2021,124.77,192.72,104.24,141.23,113.57,2349987
4/7/2021,135.6,123.46,126.53,193.47,126,1549656
4/8/2021,175.78,139.93,160.16,125.09,138.51,4580885
4/9/2021,101.44,115.24,129.66,112.04,194.3,8544022
4/12/2021,111.61,199.25,171.44,158.45,161.04,4403209
4/13/2021,104.6,192.7,175.9,196.93,183.5,3995785
4/14/2021,104.07,154,110.25,137.78,171.04,4980125
4/15/2021,185.55,184.2,151.39,106.2,111.25,7901013
4/16/2021,170.37,152.1,150.89,133.93,173.59,2826629
4/19/2021,147.42,162.36,136.93,150.59,127.51,6718365
4/20/2021,109.78,108.91,193.29,116.19,163.91,9289985
4/21/2021,149.16,175.53,182.75,165.81,134.1,9480287
4/22/2021,147.35,112.77,169.72,199.77,199.77,2339083
4/23/2021,117.32,182.61,171.43,145.17,126.36,6404672
4/26/2021,143.39,178.2,146.17,135.47,127.91,4703367
4/27/2021,139.85,170.87,192.1,140.07,193.07,8975343
4/28/2021,161.59,103.62,169.46,111.51,102.46,6934385
4/29/2021,163.51,130.31,172.9,188.33,169.67,4890702
4/30/2021,104.53,126.31,186.17,141.48,172.53,3374151
5/3/2021,137.46,136.01,127.41,138.73,183.64,7720841
5/4/2021,162.59,108.76,180.71,165.97,197.44,8601709
5/5/2021,150.31,193.7,119.52,144.2,197.56,1177476
5/6/2021,185.65,155.38,134.53,164.82,106.53,2199217
5/7/2021,165.87,130.55,133.56,106.14,182.18,3675877
5/10/2021,116.29,139.7,197.85,181.37,164.63,9306042
5/11/2021,107.06,144.72,185.65,194.05,164.73,3949908
5/12/2021,164.24,160.06,170.12,164.88,112.83,7476625
5/13/2021,102.65,151.57,172.71,195.46,165.02,2931441
5/14/2021,158.58,191.94,156.21,115.14,198.25,1265033
5/17/2021,194.02,149.7,194.71,147.74,191.18,7499998
5/18/2021,157.55,199.22,149.63,160.18,143.91,6462774
5/19/2021,138.82,185.14,138.05,158.17,103.99,6818812
5/20/2021,164.33,120.85,116.3,140.15,136.23,7111053
5/21/2021,145.83,193.06,178.62,133.81,182.64,1842329
5/24/2021,154.56,111.64,173.44,112.68,170.15,8743343
5/25/2021,194.15,181.74,138.44,139.17,145.93,1174588
5/26/2021,138.61,138.06,102.52,116.27,105.51,4773618
5/27/2021,196.12,187.8,183.9,173.44,142.69,8636805
5/28/2021,190.54,186.81,101.14,120.88,146.9,2530332
5/31/2021,119.58,180.59,170.37,105.86,192.86,5739023
6/1/2021,106.94,179,197.03,155.24,164.11,8527837
6/2/2021,110.08,130.47,143.77,159.52,131.17,2033290
6/3/2021,101.82,108.09,123.5,187.19,152.53,5625535
6/4/2021,109.44,140.3,170.49,157.7,106.61,7847129
6/7/2021,168.3,117.35,181.71,134.55,197.26,8458136
6/8/2021,107.12,169.5,154.64,180.3,136.01,4158546
6/9/2021,131.9,134.61,196.7,154.03,147.79,9870046
6/10/2021,184.49,197.56,105.17,107.93,135.53,5768424
6/11/2021,102.33,164.1,150.48,156.59,168.25,7070243
6/14/2021,181.45,182.25,171.85,190.8,166.22,2258542
6/15/2021,128.19,113.25,186.26,139.63,171.53,8349953
6/16/2021,111.82,186.2,117.93,129.63,126.81,5072091
6/17/2021,169.67,192.28,180,114.35,131.57,8414440
6/18/2021,162.89,148.71,155.27,115.14,112.53,4793868
6/21/2021,187.75,160.63,139.66,143.28,165.55,2591711
6/22/2021,173.51,176.48,113.17,159.57,103.98,2628853
6/23/2021,180.35,117.48,186.53,108.06,159.77,3058721
6/24/2021,128.2,150.26,115.73,193.96,186.97,2960391
6/25/2021,117.74,139.87,130.98,175.51,189.08,5657448
6/28/2021,175.06,114.64,129,158.66,144.9,8392367
6/29/2021,180.68,136.75,187.14,182.84,145.93,7156225
6/30/2021,199.05,106.82,167.27,108.02,107.7,5076773
7/1/2021,141.26,102.58,179.67,147.68,167.08,6393333
7/2/2021,137.2,113.52,125.05,163.01,182.13,5512121
7/5/2021,177.64,196.31,162.49,182.87,124.47,7908008
7/6/2021,134.08,154.95,157.17,178.35,142.13,9447680
7/7/2021,193.08,196.58,183.28,127.71,183.88,4883337
7/8/2021,185.84,143.25,190.61,194.09,187.71,6900726
7/9/2021,142.9,131.18,101.22,112.43,124.32,3163843
7/12/2021,175.09,150.61,167.4,187.51,155.06,3762594
7/13/2021,175.45,143.95,105.18,197.09,119.25,8686281
7/14/2021,110.31,110.57,154.89,117.72,110.19,5201390
7/15/2021,190.26,164.08,128.76,172.21,191.11,9778570
7/16/2021,150.53,121.6,130.68,104.03,182.05,4477899
7/19/2021,182.65,161.96,135.3,140.54,176,5131279
7/20/2021,132,165.02,162.13,151.63,104.88,3086172
7/21/2021,189.55,115.2,133.4,158.06,184.37,2365265
7/22/2021,138.92,106.13,173.27,193.59,143.8,4242222
7/23/2021,101.08,178.08,140.45,167.23,134.24,9504589
7/26/2021,190.54,145.98,106.84,148.13,154.65,8322933
7/27/2021,109.13,105.82,178.38,180.97,109.14,9677177
7/28/2021,131.93,199.49,128.58,195.05,175.66,4256505
7/29/2021,195.01,105.78,143.28,102.21,158.24,9791249
7/30/2021,195.06,169.5,168.54,198.25,118.66,5812056
8/2/2021,157.34,198.37,133.25,108.61,118.82,4776764
8/3/2021,163.18,123.92,105.66,181.44,118.42,2515538
8/4/2021,144.84,114.22,137.39,128.03,105.7,5849666
8/5/2021,129.32,112.14,194.44,113.22,158.78,4399618
8/6/2021,132.87,130.33,164.17,143.99,184.03,7725630
8/9/2021,167.25,110.1,167.15,164.4,101.75,4404629
8/10/2021,175.24,169.22,163.23,138.1,104.9,3192848
8/11/2021,179.16,106.23,119.9,105.46,157.28,3773219
8/12/2021,178.96,150.94,141.83,159.95,181.95,5864912
8/13/2021,109.12,199.67,175.09,190.24,132.67,2644173
8/16/2021,149.44,181.4,110.14,138.32,134.96,5261725
8/17/2021,105.76,161.52,127.79,121.63,159.63,9625044
8/18/2021,154.95,130.63,127.63,144.26,127.42,6545636
8/19/2021,144.15,162.39,143.2,104.84,102.66,6780618
8/20/2021,188.77,152.7,198.04,182.05,173.52,6252371
8/23/2021,135.09,142.61,106.75,182.63,162.56,3214178
8/24/2021,111.71,113.07,151.87,158.8,158.08,1074804
8/25/2021,114.3,188.66,117.94,135.31,174.17,3976877
8/26/2021,176.15,144.98,197.07,179.98,167.52,4789514
8/27/2021,161.82,119.46,111.33,155.47,120.59,5957107
8/30/2021,110.11,136.78,140.36,182.59,135.25,2972871
8/31/2021,108.41,141.41,173.79,163.15,112.61,2940483
9/1/2021,170.1,182.75,170.46,178.44,112.99,3911898
9/2/2021,107.28,173.36,142.27,159.86,167.62,9875943
9/3/2021,182.19,176.93,134.65,141.41,185.86,6227365
9/6/2021,170.62,101.1,139.76,195.79,196.27,8689262
9/7/2021,108.13,141.62,126.43,154.11,162.83,4509163
9/8/2021,108.48,148.13,120.53,160.51,118.41,7825711
9/9/2021,198.66,101.92,148.3,122.05,110.57,2261402
9/10/2021,137.43,125.98,126.85,162.57,181.29,3126028
9/13/2021,137.06,176.03,128.75,157.16,157.88,3985032
9/14/2021,181.28,113.71,165.68,118.48,161.83,4077195
9/15/2021,194.72,153.53,196.85,105.96,178.15,3326344
9/16/2021,198.6,121.52,160.36,160.44,170.33,7103807
9/17/2021,175.34,101.21,107.7,176.37,183.45,2076837
9/20/2021,137.63,124.12,107.56,152.34,105.62,8446633
9/21/2021,108.35,197.59,195.14,122.68,174.75,6717467
9/22/2021,177.71,180.15,129.73,166.65,185.09,2629040
9/23/2021,155.84,195.96,109.21,108.01,128.61,4663289
9/24/2021,142.42,148.79,159.9,144.18,164.04,3916596
9/27/2021,190.64,110.97,162.36,116.34,131.42,8966473
9/28/2021,111.12,154.8,164.85,118.45,195.8,7185941
9/29/2021,149.26,145.44,126.74,120.23,103.34,5127436
9/30/2021,101.14,184.44,101.51,138.67,157.98,5866940
10/1/2021,146.87,109.81,196.5,105.12,116.65,4462511
10/4/2021,105.63,148.82,125.09,139.78,171.22,1384083
10/5/2021,111.88,115,167.6,151.17,117.59,9920206
10/6/2021,111.75,132.47,170.66,148.33,123.54,6607968
10/7/2021,164.92,173.74,161,138.28,149.44,7769552
10/8/2021,174.6,147.6,131.29,183.91,191.48,4050798
10/11/2021,158.34,137.59,127.11,114.53,121.17,3536047
10/12/2021,196.22,139.45,159.77,150.57,114.42,7464143
10/13/2021,137.49,145.94,186.61,106.2,175.9,4254992
10/14/2021,128.57,178.5,194.67,107.12,150.06,5797663
10/15/2021,186.86,189.21,110.59,157.39,191.18,7269191
10/18/2021,122.36,195.53,115.48,156.6,114.66,4535443
10/19/2021,196.32,178.69,194.47,187.8,164.59,2932303
10/20/2021,101.22,131.54,173.65,155.79,123.29,3751821
10/21/2021,196.99,168.81,188.3,195.98,115.68,8314895
10/22/2021,104.32,143.76,120.26,104.87,168.34,7525940
10/25/2021,189.11,125.47,158.76,109.8,159.37,1426941
10/26/2021,152.77,184.09,170.11,104.41,175.48,5850224
10/27/2021,199.3,103.84,168.01,118.53,130.95,1386354
10/28/2021,107.38,190.18,140.82,154.13,144.8,6506336
10/29/2021,155.39,146.15,101.54,164.56,140.55,1935709
11/1/2021,196.93,163.72,158.29,104.56,198.41,3485178
11/2/2021,152.31,165.94,125.31,194.6,129.22,7379022
11/3/2021,162.94,189.51,145.03,184.22,129.48,6477630
11/4/2021,169.57,163.67,195.76,129.66,135.45,7288893
11/5/2021,145.45,161.39,139.9,107.72,156.46,3085469
11/8/2021,162.76,106.67,183.98,116.99,125.23,2346365
11/9/2021,158.43,151.84,118.85,112.69,191.53,2136078
11/10/2021,190.12,115.02,167.25,112.33,126.57,9875206
11/11/2021,104.54,173.74,197.7,151.86,189.58,7062825
11/12/2021,128.1,151.22,110.19,124.58,110.35,1533037
11/15/2021,195.04,168.02,100.83,135.81,165.66,9973541
11/16/2021,189.03,104.17,143.36,198.95,190.7,9602541
11/17/2021,145.57,108.48,109.26,168.43,116.87,1427709
11/18/2021,162.01,171.63,174.84,194.9,196.83,9644147
11/19/2021,127.74,107.21,191.45,114.26,145.29,8352245
11/22/2021,118.81,107.13,143.4,138.21,194.57,2750866
11/23/2021,146.37,101.21,125.87,155.47,167.68,4777173
11/24/2021,135.34,195.65,143.44,107.68,130.16,7233107
11/25/2021,158.37,173.75,172.34,100.42,118.83,6275463
11/26/2021,107.77,135.33,100.91,167.04,130.37,5847384
11/29/2021,197.44,129.65,158.95,164.18,109.3,7371400
11/30/2021,198.62,134.97,161.33,141.08,114.39,6234748
12/1/2021,169.82,177.47,163.77,148.96,110.47,9400728
12/2/2021,153.61,166.14,124.2,141.54,142.29,1624135
12/3/2021,130.95,118.52,171.41,102.4,179.56,5817167
12/6/2021,181.38,117.41,109.14,133.54,114.14,8731445
12/7/2021,168.47,109.84,119.93,117.71,113.03,7830707
12/8/2021,116.26,166.03,187.75,109.84,164.34,7106428
12/9/2021,191.09,176.44,173.87,195.67,119.72,5745920
12/10/2021,182.25,126.5,101.37,159.94,109.76,8162517
12/13/2021,194.98,102.09,124.84,172.87,116.68,6788773
12/14/2021,172.57,108.22,121.44,131.54,192.37,8517475
12/15/2021,161.34,196.79,127.08,139.31,182.15,7923985
12/16/2021,141.82,129.54,124.76,123.69,135.41,7101570
12/17/2021,193.27,176.92,106.25,109.7,165.58,9032304
12/20/2021,186.61,162.47,145.89,117.9,153.73,3266598
12/21/2021,104.52,138.19,173.27,179.75,167.71,2776238
12/22/2021,102.64,120.57,160.67,167.75,168.27,9451392
12/23/2021,137.65,112.14,167.29,154.69,162.87,6127736
12/24/2021,181.06,161.5,108.11,147.51,126.61,6897162
12/27/2021,198.73,177.46,195.15,192.24,103.9,7508676
12/28/2021,115.04,164.39,183.85,107.27,145.56,5910662
12/29/2021,159.41,153.03,180.51,128.06,189.1,2995127
12/30/2021,138.09,104.2,182.3,134.99,156.95,8776604
12/31/2021,196.99,196.85,193.27,178.24,183.24,2035108
1/3/2022,184.21,179.87,154.43,199.25,199.16,1478365
1/4/2022,183.83,129.28,120.03,124.07,116.36,6156371
1/5/2022,146.87,198,161.68,187.43,169.18,3074242
1/6/2022,141.48,160.19,174.29,183.06,167.43,6232761
1/7/2022,127.34,158.24,173.79,122.47,198,6122969
1/10/2022,105.64,174.81,152.14,139.93,198.56,1494209
1/11/2022,186.47,181.18,106.85,140.97,168.67,2534230
1/12/2022,181.29,165.65,137.11,197.82,124.36,7556410
1/13/2022,199.97,112.81,192.08,118.09,179.86,6451151
1/14/2022,199.66,133.83,158.44,179.92,110.7,1851980
1/17/2022,155.54,192.81,153.83,133.42,178.07,2766299
1/18/2022,176.9,122.46,126.89,173.09,191.02,5020018
1/19/2022,194.48,137.22,136.84,142,138.28,7691891
1/20/2022,184.96,143.21,189.53,157.84,163.06,7886608
1/21/2022,124.73,143.94,166.65,183.26,143.01,8458403
1/24/2022,145.05,161.29,178.74,180.42,143.78,2662656
1/25/2022,112.92,194.31,145.43,186.64,131.04,5894097
1/26/2022,195.41,124.07,163.02,105.96,176.21,6309068
1/27/2022,160.62,112.15,124.84,169.21,193.62,5956780
1/28/2022,122.86,119.75,170.55,114,194.08,9949454
1/31/2022,167.17,188.69,142.76,141.58,117.48,5323242
2/1/2022,161.81,164.58,144.25,154.86,187.47,3871712
2/2/2022,135.82,128.59,164.93,140.27,173.74,7903538
2/3/2022,111.36,181.59,193.63,151.96,125.28,1855656
2/4/2022,167.16,186.14,106.4,199.65,106.73,7817123
2/7/2022,152.03,184.65,182.47,113.52,126.8,4566568
2/8/2022,177.23,191.89,129.24,167.55,191.22,5679020
2/9/2022,152.02,125.22,144.39,139.6,163.32,2792363
2/10/2022,185.22,175.5,102.19,113.3,172.11,1638922
2/11/2022,155.19,146.05,130.1,115.87,125.72,1777867
2/14/2022,156.09,184.2,150.26,194.93,171.94,4066461
2/15/2022,187.67,172.85,105.62,187.96,102.81,6756911
2/16/2022,140.35,177.64,149.11,190.7,137.53,2702424
2/17/2022,113.4,165.62,192.71,199.15,162.68,5175252
2/18/2022,102.88,117.74,110.54,120.83,114.61,2185560
2/21/2022,175.51,154.5,176.44,135.54,182.3,9016906
2/22/2022,162.03,198.47,140.97,166.92,123.5,7509887
2/23/2022,170.41,193.74,165.52,148.38,165.23,1867838
2/24/2022,121.3,104.32,126.02,141.84,140.52,2057880
2/25/2022,113.64,116.48,115.95,135.78,159.6,4087714
2/28/2022,101.45,113.17,116.05,159.38,110.75,4478192
3/1/2022,135.06,172.6,107.05,157.56,101.69,9856832
3/2/2022,158.99,181.78,118.56,116.15,190.96,6600068
3/3/2022,139.22,121.35,166.42,147.17,126.96,9151656
3/4/2022,143.75,150.59,188.17,155.35,181.97,1785890
3/7/2022,190.42,184.07,181.41,157.03,199.94,5806799
3/8/2022,134.83,173.28,168.51,121.01,121.14,9053024
3/9/2022,151.4,154.22,111.04,174.23,126.52,9586625
3/10/2022,178.37,159.03,128.92,102.52,166.29,4743757
3/11/2022,139.65,150.84,130.98,135.48,196.54,6259245
3/14/2022,162.21,129.75,125,178.02,191.58,6046528
3/15/2022,186.24,156.5,151.5,156.39,150.29,8011673
3/16/2022,194.95,168.89,153.56,126.12,179.51,3868921
3/17/2022,114.71,187.33,135.69,169.5,113.57,9177039
3/18/2022,192.66,163.63,135.38,156.74,197.74,4003225
3/21/2022,149.21,176.11,182.86,179.62,196.44,6637291
3/22/2022,125.82,116.01,178.93,173.5,116.37,6034253
3/23/2022,145.91,146.16,130.78,161.01,129.94,5228316
3/24/2022,198,100.93,191.38,148.82,110.02,4578478
3/25/2022,149.26,124.67,195.28,113.32,127.17,9072590
3/28/2022,132.88,172.65,132.67,126.13,181.6,6926983
3/29/2022,163.34,199.18,135.44,141.91,137.83,7323617
3/30/2022,124.01,109.92,150.56,159.93,108.84,1454529
3/31/2022,107.59,140.15,194.11,151.37,134.22,8586288
4/1/2022,112.89,180.01,187.63,128.82,198.14,8261511
4/4/2022,112.8,120.4,110.26,100.65,162.97,9927811
4/5/2022,115.19,155.51,139.27,149.62,141.62,2311629
4/6/2022,113.88,173.31,155.34,128.56,116.65,1900542
4/7/2022,164.09,161.6,150.31,173.46,198.62,4954780
4/8/2022,118.19,118.8,119.39,102.39,182.08,3945759
4/11/2022,134.57,135.54,185.88,158.48,128.15,9683376
4/12/2022,189.68,178.38,167.69,194.15,107.01,4352921
4/13/2022,147.4,155.42,183.79,117.44,105.66,1061264
4/14/2022,166.76,100.52,185.88,147.16,112.04,6094502
4/15/2022,117.23,176.1,174.84,109.14,158.08,3459507
4/18/2022,119.23,103.53,143.92,162.57,192.88,4452097
4/19/2022,104.09,174.57,161.05,155.05,149.67,8292306
4/20/2022,116.89,120.25,116.04,140.74,184.29,2218284
4/21/2022,127.86,195.81,167.36,152.14,144.59,8088727
4/22/2022,117.7,136.79,117.93,189.66,170.86,4080202
4/25/2022,108.87,132.69,169.39,119.63,173.19,7002874
4/26/2022,112.06,114.89,122.96,102.26,117.4,8518933
4/27/2022,146.08,130.56,111.76,186.17,136.12,6383182
4/28/2022,120.63,187.67,116.53,157.71,163.73,5688827
4/29/2022,136.43,199.63,100.2,189.07,107.07,7517320
5/2/2022,150.34,136.83,171.87,159.69,136.15,6792819
5/3/2022,169.04,144.86,173.24,181.02,153.48,8642139
5/4/2022,103.93,172.21,151.49,142.97,199.62,1865630
5/5/2022,179.94,188.62,116.14,174.99,147.45,6387691
5/6/2022,162.79,159.3,108.36,191.3,181.61,5325001
5/9/2022,108.18,139.15,101.91,157.21,143.21,3972881
5/10/2022,187.36,141.26,116.57,118.08,179.64,9101294
5/11/2022,192.09,169.56,189.09,126.88,159.54,9557286
5/12/2022,106.11,100.32,124.15,119.86,188.66,6811303
5/13/2022,127.69,161.96,135.43,124.69,141.09,6279947
5/16/2022,180.62,135.55,110.53,130.64,160.43,9559531
5/17/2022,174.83,179.42,122.24,155.51,163,1300406
5/18/2022,118.45,109.3,151.92,158.8,141.74,1517961
5/19/2022,120.93,158.82,160.78,142.65,114.43,2035598
5/20/2022,137.05,148.1,124.54,161.54,109.36,3511902
5/23/2022,148.45,164.23,105.77,108.16,101.67,8169158
5/24/2022,161.83,106.49,139.1,108.78,187.35,4640377
5/25/2022,136.89,158,123.42,117.18,123.65,1163944
5/26/2022,146.25,156.15,121.96,151.81,121.15,4022345
5/27/2022,174.75,156.07,195.99,121.4,173.6,3969852
5/30/2022,103.67,160.35,161.63,128.33,132,8950630
5/31/2022,125.24,167.65,155.69,140.03,150.6,6724827
6/1/2022,171.33,180.5,141.58,181.19,116.25,7800541
6/2/2022,189.52,126.98,142.89,101.39,195.97,5756004
6/3/2022,151.17,182.5,154.09,164.94,185.16,2358454
6/6/2022,153.21,149.83,169.64,166.89,186.38,8689969
6/7/2022,110.72,107.71,170.21,179.87,140.68,4871018
6/8/2022,144.74,105.86,117.17,193.28,176.24,7412083
6/9/2022,153.26,133.42,150.01,102.01,114.39,8875639
6/10/2022,124.25,178.49,141.2,115.38,100.86,6010281
6/13/2022,126.92,170.77,187.05,188.62,102,8698812
6/14/2022,137.73,178.86,163.14,145.85,158.66,7807643
6/15/2022,102.01,151.73,153.25,156.46,145.54,6210558
6/16/2022,132.21,144.02,111.54,166.3,151.8,6959996
6/17/2022,121.14,114.75,160.56,167.91,100.75,3389911
6/20/2022,132.75,132.82,111.72,193.17,142.27,9140210
6/21/2022,111.98,143.4,133.72,199.69,171.81,2726681
6/22/2022,189.05,108.86,114.28,172.02,144.27,7554845
6/23/2022,159.36,122.06,169.21,128.72,173.22,1117408
6/24/2022,167.91,159.82,120.63,187.98,123.3,1636431
6/27/2022,178.92,173.57,139.19,104.92,181.31,4435504
6/28/2022,149.84,199.83,189.57,123.11,158.84,2236541
6/29/2022,108.69,193.31,120.43,189.74,121.08,3036721
6/30/2022,153.71,164.26,150.78,125.62,123.67,7087494
7/1/2022,158.68,142.12,141.93,122.07,162.8,7163185
7/4/2022,174.54,163.62,101.81,113.81,182.99,9706406
7/5/2022,143.17,178.57,179.28,185.91,141.56,9879391
7/6/2022,112.76,111.83,106.9,150.01,125.83,6036117
7/7/2022,128.38,140.99,147.43,167.49,186.7,2107177
7/8/2022,136.31,183.98,156.07,123.91,166.93,6408520
7/11/2022,164.59,138.38,162.84,175.8,144.81,5659014
7/12/2022,157.08,157.19,168.86,176,148.79,9070024
7/13/2022,135.61,158.78,125.33,131.26,120.43,6512460
7/14/2022,198.65,118.45,101,141.07,162.68,4494585
7/15/2022,160.58,136.22,172.34,120.97,135.87,2992834
7/18/2022,123.72,133.45,153.57,197.66,199.56,6306175
7/19/2022,110.18,102.62,183.61,164.56,148.02,6648734
7/20/2022,115.29,102.42,182.14,193.45,148.59,6194914
7/21/2022,124.6,183.17,184.33,130.34,156.59,5716302
7/22/2022,116.07,127.31,148.51,178.19,191.68,3473055
7/25/2022,118.66,151.81,133.36,176.59,180.08,2327877
7/26/2022,128.51,129.87,179.16,169.17,145.11,8516669
7/27/2022,117.34,194.07,145.13,196.56,171.87,8016812
7/28/2022,189.68,125.93,118.34,139.36,158.62,3687328
7/29/2022,108.02,142.97,185.5,113.07,149.24,7478623
8/1/2022,152.45,187.27,188.26,167.17,119.23,2899955
8/2/2022,141.04,184.19,146.63,172.93,146.39,5198811
8/3/2022,198.24,118.61,107.57,157.51,124.58,7132446
8/4/2022,111.2,180.26,138.78,120.68,191.48,1672225
8/5/2022,139.79,145.82,180.35,150.45,133.54,4510463
8/8/2022,196.95,148.3,190.18,131.22,195.23,4070610
8/9/2022,186.55,113.35,120.35,142.75,153.31,9786301
8/10/2022,181.71,108.06,106.7,164.52,163.15,4732238
8/11/2022,125.79,172.79,187.74,174.52,154.29,2972613
8/12/2022,117.09,149.65,138.94,123.22,112.94,9306931
8/15/2022,166.86,143.69,154.18,140.53,137.58,4335705
8/16/2022,192.94,172.95,196.81,126.92,109.91,6412049
8/17/2022,155.68,176.55,106.66,119.86,162.3,2344091
8/18/2022,157.16,115.89,164.83,178.34,144.69,1404470
8/19/2022,128,161.02,107.41,190.93,177.8,5329394
8/22/2022,176.95,113.54,137.55,137.02,122.05,1791624
8/23/2022,118.7,175.14,180.38,175.13,116.46,8079903
8/24/2022,132.37,165.7,143.35,189.7,140.63,6088890
8/25/2022,142.54,195.66,199.72,184.61,192.66,2601207
8/26/2022,150.76,106.9,155.91,118.28,171.04,6248709
8/29/2022,124.24,105.71,132.12,195.63,141.89,3995035
8/30/2022,111.48,128.22,122.01,137.67,151.73,7203690
8/31/2022,161.06,126.17,135.05,133.92,108.42,1484427
9/1/2022,128.86,124.7,137.25,106.24,198.46,4958905
9/2/2022,158.12,190.63,106.87,148.62,166.64,5083372
9/5/2022,115.44,124.95,136.96,110.9,128.54,2109229
9/6/2022,148.11,127.19,146.42,124.85,158.58,4893623
9/7/2022,153.26,175.94,172.27,131.69,110.95,7191081
9/8/2022,105.18,144.97,165.67,180.88,196.58,3089884
9/9/2022,133.66,177.67,170.88,187.55,117.48,5204099
9/12/2022,113.44,106.54,100.84,130.25,164.8,9309740
9/13/2022,106.34,148.76,121.77,185.87,124.55,8273820
9/14/2022,199,103.36,166.17,185.72,171.76,5821699
9/15/2022,132.24,106.27,148.4,176.47,177.68,7605129
9/16/2022,180.99,190.64,100.53,114.67,167.34,7172056
9/19/2022,125.46,113.92,180.45,169.03,161.45,2496030
9/20/2022,168.15,153.24,177.28,194.5,189.25,1011009
9/21/2022,176.02,141.11,154.84,168.25,107.86,5372472
9/22/2022,159.56,134.73,106.65,133.16,133.09,2723480
9/23/2022,147.16,189.98,176.65,150.06,124.83,9313264
9/26/2022,141.18,102.18,158.37,164.57,198.8,4699397
9/27/2022,134.89,166.38,178.2,151.06,138.94,2991367
9/28/2022,192.95,196.34,175.17,112,173.26,6569634
9/29/2022,183.06,156.02,180.3,131.21,168.47,9718936
9/30/2022,196.5,193.68,151.8,180.24,121.21,5409013
10/3/2022,112.43,105.23,114.03,186.14,123.9,3708668
10/4/2022,173.09,141.88,167.12,113.73,128.13,6053679
10/5/2022,193.83,126.02,162.05,195.24,141.11,2000294
10/6/2022,118.12,173.08,174.23,132.88,123.43,6658307
10/7/2022,106.65,198.13,116.99,166.23,101.97,9174244
10/10/2022,174.11,125.65,119.5,175.18,187.94,3285362
10/11/2022,157.45,165.42,189.04,181.19,196.56,3842894
10/12/2022,184.18,119.81,175,194.57,134.16,9565873
10/13/2022,113.98,156.53,190.82,131.29,133.85,8860791
10/14/2022,179.53,146.39,175.87,185.85,100.71,4036773
10/17/2022,120.16,197.2,159.72,113.17,168.03,5384432
10/18/2022,116.37,160.85,165.41,170.5,182.54,2690792
10/19/2022,116.43,134.95,188.91,174.2,114.66,2631570
10/20/2022,181.46,111.41,157.88,167.77,115.97,5773598
10/21/2022,166.52,115.12,163.24,125.23,179.01,2660102
10/24/2022,152.31,122.53,115.65,187.3,161.63,2511710
10/25/2022,135.88,125.1,147.39,116.89,104.49,8276281
10/26/2022,187.72,185.06,171.64,105.36,162.25,1816609
10/27/2022,139.24,156.12,127.09,171.75,130.89,5584470
10/28/2022,181.66,152.34,120.23,147.55,136.87,7807087
10/31/2022,143.91,111.48,131.38,184.91,176.97,5062316
11/1/2022,137.69,186.01,124.15,138.34,181.09,6587239
11/2/2022,146.27,172.28,121.49,116.83,140.04,2655464
11/3/2022,130.14,106.77,142.49,183.64,194.72,9377114
11/4/2022,174.76,170.78,190.78,154.89,140.65,9356164
11/7/2022,150.27,154.35,150.71,118.92,177.18,1878835
11/8/2022,123.22,108.17,118.79,172.04,148.39,8556142
11/9/2022,189.96,145.83,107.7,151.11,189.75,4277560
11/10/2022,138.39,148.47,169.62,160.43,190.78,4169870
11/11/2022,154.36,116.58,138.28,146.09,108.74,6088268
11/14/2022,190.65,194.57,182.18,182.87,193.65,8279995
11/15/2022,162.42,185,165.95,182.96,182.55,7422892
11/16/2022,111.69,166.9,179.62,170.94,179.13,3379093
11/17/2022,193.98,146.23,127.19,110.54,120.09,6480283
11/18/2022,162.77,141.18,169.24,183.89,180.51,3760451
11/21/2022,133.49,165.1,126.41,167.1,185.01,7369553
11/22/2022,113.93,154.54,193.91,169.7,128.92,7432975
11/23/2022,179.4,106.23,163.64,136.3,195.23,5241244
11/24/2022,162.01,151.25,132.45,187.93,104.99,4904840
11/25/2022,153.35,180.64,126.95,172.54,114.99,4820730
11/28/2022,189.39,145.92,119.09,111.26,153.76,3848411
11/29/2022,178.86,105.2,169.46,140.78,157.58,4344443
11/30/2022,115.17,178.63,121.87,188.64,164.52,3444149
12/1/2022,131.17,120.14,159.53,104.72,101.7,7930358
12/2/2022,124.85,125.86,126.46,196.14,196.04,3214669
12/5/2022,174.39,116.47,166.2,167.92,104.46,8496121
12/6/2022,103.35,133.02,181.49,163.14,114.31,2954702
12/7/2022,156.99,175.68,177.8,127.06,101.4,3933361
12/8/2022,176.25,151.94,176.09,124.88,156.69,1421655
12/9/2022,187.68,120.49,118.77,194.21,193.23,6323940
12/12/2022,134.21,187.78,108.84,129.83,166.59,1799717
12/13/2022,182.13,187.96,169.89,177.55,182.27,6647069
12/14/2022,111.06,187.06,136.83,139.31,101.33,3482266
12/15/2022,184.65,123.88,143.23,113.93,154.2,1921806
12/16/2022,112.75,145.12,103.11,101.07,145.96,5965440
12/19/2022,139.73,198.5,125.96,154.43,149.9,8873692
12/20/2022,179.73,177.2,103.37,197.58,107.22,2193728
12/21/2022,114.99,102.72,187.92,136.91,168.44,6061354
12/22/2022,122.93,106.52,124.34,135.72,150.32,7911957
12/23/2022,172.23,146.39,155.73,134.41,176.51,2504329
12/26/2022,172,190.92,103.9,152.05,148.53,2777850
12/27/2022,164.11,153.87,166.68,144.07,114.94,7686269
12/28/2022,169.39,149.78,132.3,187.99,164.83,1535888
12/29/2022,154.27,110.55,189.79,150.55,117.24,8157303
12/30/2022,125.18,165.68,188.81,150.78,187.24,4918446
1/2/2023,134.57,182.21,132.53,113.84,161.31,7971631
1/3/2023,118.16,138.04,190.1,198.27,115.72,3202888
1/4/2023,190.85,177.56,199.62,125,196.23,7703562
1/5/2023,158.34,196.45,182.54,107.34,151.84,3552192
1/6/2023,140.09,120.38,184.49,166.31,107.29,9524405
1/9/2023,146.2,152.33,124.9,159.54,162.68,2724620
1/10/2023,194.73,128.71,157.67,141.51,125.32,6169719
1/11/2023,115.34,179.29,106.73,142.22,180.37,5830165
1/12/2023,158.62,157.76,109.49,178.51,181.78,7566692
1/13/2023,150.59,163.46,199.89,119.57,197.89,1358062
1/16/2023,161.15,179.79,132.66,182.03,150.19,8248730
1/17/2023,101.81,139.6,174.82,164.87,145.5,3077645
1/18/2023,187.21,191.51,180.67,141.9,175.35,2401471
1/19/2023,193.21,153.3,185.8,145.8,113.25,5779897
1/20/2023,156.51,115.8,199.76,125.66,154.69,2716548
1/23/2023,169.67,169.59,124.15,175.21,154.62,5952505
1/24/2023,192.25,179.33,104.04,151.29,108.95,5100321
1/25/2023,170.72,131.68,141.12,132.09,141.8,3097711
1/26/2023,115.25,185.72,113.01,159.61,185.33,7095561
1/27/2023,157.63,190.61,102.24,199.57,185.62,1037361
1/30/2023,160.67,127.69,136.04,143.53,109.92,3898845
1/31/2023,142.41,198.35,178.37,192.07,109.07,9146836
2/1/2023,173.64,114.07,156.62,134.5,126.27,4463227
2/2/2023,193.44,120.2,131.28,105.47,187.48,9093068
2/3/2023,192.56,118.42,165.43,120.42,112.89,3457856
2/6/2023,145.08,189.4,123.2,141.87,172,2761856
2/7/2023,111.32,165.43,101.44,121.96,110.12,3341102
2/8/2023,198.48,115.21,176.44,100.02,162.31,1000037
2/9/2023,183.89,144.03,162.37,191.5,135.61,7251936
2/10/2023,112.47,161.53,176.23,184.39,178.89,1653668
2/13/2023,192.08,108.35,103.89,174.23,123.37,4404158
2/14/2023,186.99,188.24,183.71,116.78,163.92,3656040
2/15/2023,151.88,180.36,161.95,112.04,123.57,1703645
2/16/2023,159.13,150.52,156.34,106.76,171.37,5911672
2/17/2023,139.9,196.71,162.46,172.4,187.37,9215984
2/20/2023,105.48,141.78,186.44,192.88,112.68,9131631
2/21/2023,133.52,198.41,158.69,143.05,186.66,3621872
2/22/2023,180.29,166.79,158.1,111.91,159.36,1593975
2/23/2023,100.46,163.47,199.07,151.24,112.71,6052683
2/24/2023,133.35,116.6,175.67,134.88,142.75,4983063
2/27/2023,139.82,188.19,144.23,137.48,116.09,3282373
2/28/2023,153.74,142.75,170.74,162.13,170.03,3840152
3/1/2023,191.99,116.22,138.92,171.87,175.89,8527872
3/2/2023,134.63,101.26,122.89,111.06,110.58,3550552
3/3/2023,134.7,155.98,159.69,103.56,150.61,3392735
3/6/2023,173.75,152.74,192.82,199.43,181.46,8504361
3/7/2023,145.22,171.94,192.91,123.27,193.62,8314153
3/8/2023,122.46,189.03,134.19,105.38,151.35,6418626
3/9/2023,145.24,107.94,152.77,118.99,195.03,4622546
3/10/2023,114.09,173.15,121.16,103.9,153.57,6996522
3/13/2023,117.64,118.74,199.56,139.18,139.42,4606940
3/14/2023,149.84,185.82,198.11,180.24,184.82,6935537
3/15/2023,141.89,181.91,164.95,134.12,149.3,4600200
3/16/2023,191.48,154.08,180.44,144.42,147.19,1559031
3/17/2023,136.24,171.02,171.51,167.56,149.03,7491280
3/20/2023,158.06,131.44,159.32,150.89,184.68,3701243
3/21/2023,163.23,147.12,105.33,186.14,183.19,6444003
3/22/2023,101.31,182.16,145.48,186.6,140.35,5435728
3/23/2023,166.35,145.93,167.48,100.99,133.33,9594992
3/24/2023,117.8,135.78,167.75,177.8,149.19,7542155
3/27/2023,196.11,149.42,137.31,146.07,157.28,8165371
3/28/2023,114.87,182.82,194.17,198.88,123.83,5135554
3/29/2023,141.46,133.52,116.74,148.32,179.4,3988088
3/30/2023,108.53,117.38,150.04,198.69,148.65,1979907
3/31/2023,199.69,171.2,169.09,175.46,133.4,1213968
4/3/2023,150.22,182.6,169.71,124.86,110.68,9683565
4/4/2023,159.54,110.06,164.86,153.84,123.88,2901737
4/5/2023,106.71,123.99,127.53,199.21,194.93,5985248
4/6/2023,175,114.2,115.62,185.75,130.51,7409363
4/7/2023,120.99,134.79,163.59,109.74,116.89,3302743
4/10/2023,189.81,145.04,159.93,170.64,146.07,5588156
4/11/2023,120.51,174.88,117.94,134.56,130.71,1985461
4/12/2023,119.07,165.11,170.51,100.7,103.52,6831759
4/13/2023,103.65,162.09,145.52,140.35,132.31,6710912
4/14/2023,147.21,135.24,166.78,123.48,154.41,2806423
4/17/2023,156.48,184.14,183.74,181.89,155.17,2950408
4/18/2023,106.57,147.13,116.97,133.73,135.66,4594128
4/19/2023,177.55,197.91,101.91,182.75,144.73,9106584
4/20/2023,145.33,163.41,177.91,100.06,196.55,2406427
4/21/2023,152.44,112.63,160.97,130.78,137.73,4489550
4/24/2023,144.08,167.62,169.96,124.12,125.82,7889053
4/25/2023,140.08,132.51,183.82,123.36,124.35,4895090
4/26/2023,155.96,168.63,180.28,106.82,145.78,3765013
4/27/2023,115.52,106.96,196.09,118.71,175.95,7162492
4/28/2023,118.19,117.49,153.59,155.55,120.6,9424990
5/1/2023,186.18,185.57,148.85,129.14,170.93,8038170
5/2/2023,194.61,122.72,140.19,141.74,102.11,1862219
5/3/2023,137.33,183.7,115.37,137.69,141.89,9334750
5/4/2023,127.07,127.93,157.26,187.59,177.59,2718303
5/5/2023,164.4,164.29,127.7,190.53,133.87,4801082
5/8/2023,140.87,169.42,192.13,149.3,156.37,4346668
5/9/2023,102.54,151.27,158.32,133.02,120.5,7696674
5/10/2023,115.62,130.53,159.28,110.68,174.2,4205677
5/11/2023,171.6,121.26,135.49,195.34,105.23,3506068
5/12/2023,165.89,103.32,105.2,106.02,185.25,1483075
5/15/2023,102.71,130.39,103.17,129.77,119.82,9126198
5/16/2023,122.2,165.32,142.33,129.81,187.44,9715978
5/17/2023,123.11,193.83,108.46,132.04,135.25,6451731
5/18/2023,167.19,187.12,160.68,116.43,172.27,8499043
5/19/2023,101.97,176.61,188.1,178.32,131.92,7746037
5/22/2023,110.41,178.84,188.29,112.25,190.59,5473214
5/23/2023,179.99,166.5,165.9,163.49,112.66,4682796
5/24/2023,117.85,126.03,121.12,112.38,117.85,8851746
5/25/2023,165.27,190.72,186.3,107.05,149.3,8841640
5/26/2023,123.82,167.07,188.61,190.94,108.19,9740245
5/29/2023,109.94,156.04,119.67,119.01,119.6,9566554
5/30/2023,124.32,111.1,173.74,182.13,194.38,6137956
5/31/2023,172.23,144.71,128.65,154.46,197.65,6274413
6/1/2023,185.57,146.04,180.26,107.79,137.63,8724578
6/2/2023,183.02,186.46,199.72,195.54,192.33,1864899
6/5/2023,139.72,154.66,103,124.7,154.48,9652111
6/6/2023,166.81,138.04,189.74,185.96,126.97,7410575
6/7/2023,120.5,197.68,162.26,116.88,170.24,3318292
6/8/2023,129.31,111.07,197.34,185.39,165.89,3026393
6/9/2023,189.63,142.25,146.5,101.32,198.91,8622520
6/12/2023,101.3,104.2,184.74,151.18,126.5,3379897
6/13/2023,108.55,173.99,106.24,176.94,167.21,2294416
6/14/2023,120.79,191.81,133.53,193.48,105.2,2985196
6/15/2023,102.65,128,106.7,190.92,111.36,9052377
6/16/2023,118.14,185.83,197.53,181.96,100.39,8703189
6/19/2023,158.3,129.22,181.7,188.82,199.95,2560121
6/20/2023,142.14,191.08,185.25,119.92,180.23,6878263
6/21/2023,189.27,175.4,193.8,128.42,178.67,1443035
6/22/2023,181.74,180.49,108.51,128.9,150.97,4099072
6/23/2023,134.18,101.8,138.56,137.71,130.01,7650723
6/26/2023,125.94,196.28,107.1,139.33,115.13,9349092
6/27/2023,137.97,172.67,121.08,154.46,128.47,6200551
6/28/2023,159.03,130.48,122.94,115.99,137.6,8747156
6/29/2023,126.81,182.94,146.91,169.12,175.63,5552636
6/30/2023,162.41,128.15,126.86,116.76,153.97,1751240
7/3/2023,140.94,187.28,110.1,131.03,107.75,5315596
7/4/2023,155.2,111.26,116.75,150.33,101.8,7775996
7/5/2023,143.61,170.37,114.73,179.64,110.23,1995791
7/6/2023,129.45,154.07,197.31,173.95,141.05,2960299
7/7/2023,194.85,109.65,175.93,164.55,193.32,6079111
7/10/2023,176.36,124.19,196.78,115.58,163.74,8902634
7/11/2023,114.01,101.24,143.97,154.7,180.18,3853501
7/12/2023,186.85,146.88,127.84,108.74,146.64,7282444
7/13/2023,148.74,130.13,179.83,137.74,136.17,6613904
7/14/2023,189.46,159.84,132.63,141.35,110.84,3459622
7/17/2023,179.99,129.72,129.94,103.98,187.59,2897459
7/18/2023,142.52,129.99,123.25,127.4,178.32,5240012
7/19/2023,102.25,174.32,112.97,195.56,116.81,2215442
7/20/2023,126.87,104.81,125.65,195.36,151.23,6564396
7/21/2023,154.16,190.29,135.53,135.23,148.74,8903797
7/24/2023,163.35,185.23,167.4,104.31,162.51,3580309
7/25/2023,125.79,166.78,106.26,117.91,194.62,7425148
7/26/2023,113.94,159.32,121.05,139.22,157.98,8049985
7/27/2023,183.49,189.23,180.9,194.78,154.02,8506161
7/28/2023,198.44,118.53,114.69,114.12,105.03,6151946
7/31/2023,152.57,107.9,134.26,176.35,106.29,8026206
8/1/2023,117.17,123.95,186.47,110.87,118.73,5247328
8/2/2023,127.23,179.46,115.49,198.13,103.25,2451469
8/3/2023,101.84,103.47,108.27,138.16,174.34,4300874
8/4/2023,191.43,158.28,148.45,177.52,172.33,5736416
8/7/2023,111.78,199.54,130.24,134.26,113.61,5063997
8/8/2023,157.65,185.57,156.34,162.77,183.61,9302975
8/9/2023,127.41,152.14,180.38,119.2,115.48,7126463
8/10/2023,155.42,106.36,113.71,114.6,130.12,9437534
8/11/2023,165.14,183.14,158.07,193.81,124.9,6410812
8/14/2023,182.97,159.9,150.55,191.76,137.23,8152765
8/15/2023,120.64,111.49,114.41,188.75,125.47,7107182
8/16/2023,101.1,109.39,162.4,162.54,148.9,7012621
8/17/2023,113.69,190.96,127.36,180.83,140.74,4751387
8/18/2023,190,166.92,148.78,106.9,198.66,3779060
8/21/2023,187.39,182.93,108.23,133.48,105.59,1483791
8/22/2023,159.74,187.9,145.96,131.37,114.22,3158714
8/23/2023,160.05,157.18,130.65,163.56,105.28,3622280
8/24/2023,166.5,151.74,182.24,135.6,162.58,5225872
8/25/2023,117.54,143.04,105.7,114.85,105.45,9998934
8/28/2023,191.44,131.69,141.86,159.65,183.64,2245749
8/29/2023,141.88,143.46,145.84,181.44,151.19,3226941
8/30/2023,138.31,177.39,172.5,138.21,152.7,2418180
8/31/2023,151.89,160.19,157.43,113.23,156.16,9463331
9/1/2023,104.7,189.25,166.72,119.67,117.08,7233146
9/4/2023,116.63,144.34,177.7,123.75,119.77,8054499
9/5/2023,173.8,160.71,186.22,129.99,131.88,9237881
9/6/2023,108.28,163.13,131.39,164.28,159.35,4018967
9/7/2023,160.32,159.17,153.8,160.09,121.01,4726904
9/8/2023,124.53,170.26,184.01,169.61,111.63,1792515
9/11/2023,138.93,123.74,198.95,136.25,197.01,6910838
9/12/2023,128.87,151.24,188.95,182.4,102.2,2393196
9/13/2023,135.57,110.42,137.15,120.41,180.27,2035211
9/14/2023,171.9,138.45,119.52,146.9,178.8,3189568
9/15/2023,129.71,148.77,148.94,180.09,129.72,4934740
9/18/2023,156.64,165.22,174.16,118.02,113.56,1647122
9/19/2023,147.61,195.05,149.26,110.99,114.56,4782164
9/20/2023,166.37,160.07,148.32,188.37,169.74,2761331
9/21/2023,193.68,174.36,183.82,134.29,164.28,2877329
9/22/2023,173.26,150.63,136.14,168.39,178.27,3892970
9/25/2023,121.49,163.41,185.98,102.53,193.75,1315315
9/26/2023,103.12,107.09,140.68,169,169.19,9539202
9/27/2023,126.23,125.44,132.82,131.61,115.59,7776432
9/28/2023,159.51,136.19,145.4,105.57,124.34,4959015
9/29/2023,105.14,147.25,176.24,160.98,184.22,3214979
10/2/2023,149.64,104.56,112.6,124.08,120.93,4405851
10/3/2023,159.68,114,119.64,138.68,107.25,8354292
10/4/2023,133.42,127.68,195.14,108.06,170.33,1196211
10/5/2023,177.09,197.15,117.55,114.72,140.25,2836082
10/6/2023,110.66,133.13,156.77,129.8,192,3237699
10/9/2023,107.51,148.2,157.93,108.98,165.03,5458434
10/10/2023,172.82,119.61,148.96,191.08,109.04,2813065
10/11/2023,149.55,161.08,164.47,100.6,194.79,5957161
10/12/2023,168.84,128.07,122.98,148.39,125.86,8395511
10/13/2023,143.48,120.7,155.27,112.32,133.72,5587281
10/16/2023,124.64,151.66,137.22,130.77,140.23,6507200
10/17/2023,181.91,100.55,166.17,192.61,105.12,9765940
10/18/2023,179.94,100.77,114.12,116.17,149.65,9472761
10/19/2023,169.47,121.91,157.09,196.58,112.33,5978234
10/20/2023,127.21,103.67,118.53,120.58,140.1,4972162
10/23/2023,159.02,110.8,127.86,174.16,135.07,7166994
10/24/2023,136.1,133.89,121.87,154.67,177.28,5172060
10/25/2023,109.16,180.26,118.28,188.45,180.32,7603352
10/26/2023,191.73,157.2,182.57,155.4,115.34,1078947
10/27/2023,113.68,151.27,128.57,153.46,136.66,8152604
10/30/2023,195.02,129.35,192.71,119.55,137.34,9136537
10/31/2023,144.6,193.18,196.99,116.62,115.14,4969411
11/1/2023,118.51,139.7,157.13,191.65,179.85,7387952
11/2/2023,154.19,108.71,114.3,132.78,170.72,6969677
11/3/2023,187.29,161.71,137.45,137.21,119.04,1968410
11/6/2023,173.22,111.38,179.77,175.98,136.67,4936642
11/7/2023,180.66,134.52,136.74,133.88,110.58,2040835
11/8/2023,165.88,150.74,108.7,195.21,162.82,7626532
11/9/2023,169.23,187.42,155.68,173.79,112.14,6386452
11/10/2023,184.92,149.35,184.51,159.74,198.59,9531225
11/13/2023,124.97,170.23,179.59,188.09,178.07,7952057
11/14/2023,148.94,199.28,117.51,104.96,139.02,6134629
11/15/2023,122.12,113.15,167.28,125.71,157.86,5926730
11/16/2023,198.77,127.47,122.05,146.5,191.13,2030120
11/17/2023,194.41,139.46,121.82,122.7,155.41,2034780
11/20/2023,103.94,142.18,187.41,174.39,117.45,8128822
11/21/2023,170.56,141.1,124.97,191.92,137.87,1749045
11/22/2023,192.52,190.76,126.32,142.38,184.31,1872109
11/23/2023,118.06,171.4,100.07,134.21,164.42,8736085
11/24/2023,156.79,160.79,187.07,196.16,165.07,1387405
11/27/2023,191.55,130.94,179.26,144.49,186.68,7805360
11/28/2023,103.39,182.38,162.73,148.9,189.4,5561786
11/29/2023,169.74,195.51,175.03,135.16,191.98,5758669
11/30/2023,129.73,182.12,115.2,190.95,109.48,4101004
12/1/2023,192.44,100.16,145.83,156.9,154.41,6534693
12/4/2023,197.11,163.64,135.12,176.22,174.05,3932208
12/5/2023,194.43,105.11,109.38,181.18,175.69,5187442
12/6/2023,147.42,125.76,148.61,134.18,160.67,4812197
12/7/2023,186.2,105.95,192.07,143.37,116.68,7433564
12/8/2023,184.45,160.38,104.01,184.85,179.74,1956740
12/11/2023,131.91,168.66,129.15,136.33,172.01,3210846
12/12/2023,182.89,111.45,120.75,179.39,108.61,5428760
12/13/2023,103.7,138.38,123.81,194.1,146.38,3309231
12/14/2023,159.63,145.62,190.84,162.32,117.4,5610764
12/15/2023,123,136.91,146.81,174.16,133.75,5495433
12/18/2023,112.06,112.1,146.63,180.51,101.81,6215784
12/19/2023,107.7,141.89,176.06,184.5,140.03,2967582
12/20/2023,169.63,175.12,115.45,139.51,154.99,1840268
12/21/2023,133.99,107.1,148.73,105.13,161.96,7129026
12/22/2023,172.48,108.02,143,140.19,166.35,6770938
12/25/2023,106.54,135.48,159.69,167.38,183.63,7557601
12/26/2023,131.53,194.17,199.96,145.04,121.55,9441243
12/27/2023,153.95,166.86,176.94,174.9,112.05,1983638
12/28/2023,179.07,167.87,139.79,135.7,185.15,7911596
12/29/2023,131.88,136.19,182.76,163.47,115.66,6596127
1/1/2024,162.59,159.37,117.07,118.64,197.48,3791671
1/2/2024,188.6,101.01,103.05,174.94,184.25,3061892
1/3/2024,161.59,163.61,120.44,154.57,150.09,4431543
1/4/2024,123.3,191.33,134.04,120.41,198.14,7963266
1/5/2024,102.44,161.26,151.06,129.19,109.74,5078140
1/8/2024,187.01,187.37,161.51,174.86,130.31,9485356
1/9/2024,102.13,172.4,191.06,148.26,163.82,4909308
1/10/2024,187.47,112.06,150.99,121.6,135,8466897
1/11/2024,152.89,190.25,150.13,196.73,192.84,8685727
1/12/2024,193.91,106.64,105.02,171.51,106.56,1915767
1/15/2024,179.88,153.4,103.49,195.71,154.94,9689972
1/16/2024,199.79,114.21,155.12,142.71,159.09,9214491
1/17/2024,135.07,101.17,143.82,147.51,165.27,4369415
1/18/2024,176.72,142.2,183.92,189.8,125.57,4703713
1/19/2024,140.19,129.5,116.07,152.5,136.46,1381856
1/22/2024,147.99,148.6,102.5,170.73,184.37,4765444
1/23/2024,162.75,157.72,144.9,125.22,119.49,5579097
1/24/2024,187.37,104.37,123.75,144.67,182.69,8613312
1/25/2024,198.41,112.3,104.96,112.34,156.27,5016899
1/26/2024,176.83,155.86,172.46,120.6,176.22,4955199
1/29/2024,141.78,134.32,111.16,100.09,171.36,6242329
1/30/2024,142.14,172.92,160.83,103.93,120.75,4268896
1/31/2024,173.76,165.23,128.1,197.73,156.88,5253459
2/1/2024,123.88,184.56,117.35,124.24,186.77,8356943
2/2/2024,111.05,169.25,137.98,166.33,143.21,8136940
2/5/2024,135.46,142.99,180.14,183.91,196.66,3854135
2/6/2024,128.72,167.3,139.21,155.07,145.22,1476377
2/7/2024,129.63,127.54,175.08,115.31,114.28,1398422
2/8/2024,123.36,130.63,112.55,172.81,138.94,1121937
2/9/2024,104.21,178.9,177.28,160.03,195.17,2133629
2/12/2024,101.79,144.64,123.69,173.13,131.97,8652126
2/13/2024,198.77,179.84,167.74,176.97,186.81,1378355
2/14/2024,142.78,182.24,156.58,197.54,188.13,4993611
2/15/2024,138.43,185.76,192.91,157.36,135.02,8814889
2/16/2024,167.96,191.66,138.73,134.16,108.33,8277186
2/19/2024,121.83,143.1,106.62,164.85,172.46,2675259
2/20/2024,195,131.89,101.92,106.84,131.15,9173192
2/21/2024,178.63,158.22,182.69,189.74,178.29,7609001
2/22/2024,108.94,137.12,152.47,111.94,144.27,8537330
2/23/2024,141.76,160.11,177.52,132.78,148.53,9937999
2/26/2024,187.91,170.56,123.44,181.57,177.79,9816087
2/27/2024,194.47,168.84,134.51,159.73,138.24,7024945
2/28/2024,146.74,137.46,103.01,139.36,144.31,2360764
2/29/2024,161.34,116.69,196.15,147.34,137.62,4171553
3/1/2024,116.7,143.05,166.79,185.45,136.73,3594545
3/4/2024,199.12,114.26,193.32,134,152.59,4182999
3/5/2024,123.17,189.01,126.55,186.96,180.88,8406465
3/6/2024,194.27,134.59,161.15,108.81,136.18,8029446
3/7/2024,164.96,115.45,167.85,177.68,152.43,6790740
3/8/2024,160.77,102.54,131.75,184.75,167.07,9951442
3/11/2024,151.27,164.58,184.81,118.18,126.94,9272686
3/12/2024,123.07,163.69,194.72,143.03,127.75,1840597
3/13/2024,117.65,134.06,188.49,116.55,193.34,1850122
3/14/2024,122.05,107.17,173.91,170.66,172.35,3572703
3/15/2024,118.64,140.96,127.75,153.53,157.72,1730559
3/18/2024,177.96,131.12,128.16,163.53,164.77,9910335
3/19/2024,135.01,167.71,196.34,119.65,102.93,7328404
3/20/2024,105.78,160.58,101.03,121.17,161.81,2862015
3/21/2024,196.91,136.46,171.6,104.15,150.95,3005464
3/22/2024,188.38,121.79,170.62,132.21,154.57,5605677
3/25/2024,192.78,198.8,162.27,155.97,135.94,5017641
3/26/2024,199.49,145.4,199.01,185.79,108.15,2705692
3/27/2024,117.39,168.83,131.19,166.69,119.33,9325648
3/28/2024,139.62,114.06,134,143.54,195.07,1626776
3/29/2024,175.82,148.56,107.89,195.31,140.87,2761987
4/1/2024,169.6,102.75,144.28,171.92,146.67,7523229
4/2/2024,115.39,150.55,126.1,193.02,105.27,4486082
4/3/2024,181.58,196.4,134.34,152.76,103.76,2550642
4/4/2024,122.44,138.42,183.46,125.89,171.72,3494903
4/5/2024,122.38,103.9,193.55,105.28,153.81,8789283
4/8/2024,153.7,103.1,118.57,172.61,150.87,1516031
4/9/2024,159.29,138.8,137.25,112.13,124.31,1047367
4/10/2024,158.01,116,192.86,130.28,174.48,8226078
4/11/2024,109.15,102.34,106.18,153.25,116.82,6695908
4/12/2024,187.75,175.62,109.24,156.44,118.99,2632748
4/15/2024,126.56,145.85,116.28,160.06,146.07,5862944
4/16/2024,112.95,128.92,159.52,116.63,128.63,1364716
4/17/2024,188.87,190.01,115.05,137.97,124.75,6327701
4/18/2024,195.57,111.61,196.81,161.72,164.52,9633305
4/19/2024,186.21,195.59,144.67,196.98,165.1,6253087
4/22/2024,180.95,131.4,150.15,172.76,182.45,5920791
4/23/2024,165.52,188.84,124.67,192.26,141.77,6270637
4/24/2024,155.09,160.29,147.1,176.22,107.31,9352804
4/25/2024,108.7,182.67,166.19,159.17,127.37,1454623
4/26/2024,140.85,198.4,175.12,119.2,198,9284742
4/29/2024,137.27,128.84,175.39,166.67,159.63,9015648
4/30/2024,125.98,196.11,157.79,162.34,170.97,2310646
5/1/2024,172.34,138.95,190.44,160.25,100.74,9429948
5/2/2024,149.59,138.55,181.74,148.98,151.82,9169815
5/3/2024,108.1,134.04,175.7,152.87,103.75,1892743
5/6/2024,122.02,154.14,105.56,133.44,156.92,3014751
5/7/2024,168.33,115.41,100.69,151.93,192.08,6842488
5/8/2024,107.61,155.37,121.24,119.76,196.84,2413285
5/9/2024,185.12,154.17,166.35,180.52,154.06,2330657
5/10/2024,149.51,176.19,141.12,118.58,145.82,6252279
5/13/2024,148.06,183.36,140.24,108.5,194.5,1945161
5/14/2024,159.24,144.04,188.46,143.62,167.36,6000783
5/15/2024,182.47,130.23,189.56,165.83,106.49,3328767
5/16/2024,134.78,125.93,190.92,143.77,146.57,9333631
5/17/2024,167.8,119.46,131.39,127.68,124.02,3707133
5/20/2024,156.57,105.76,169.11,155.82,146.98,5819523
5/21/2024,126.7,134.24,127.16,134.7,145.55,7622266
5/22/2024,187.86,127.02,119.06,193.29,158.21,1053010
5/23/2024,179.74,196.64,118.46,192.26,135.68,6805333
5/24/2024,165.85,155.77,134.21,150.24,116.43,6516552
5/27/2024,185.06,134.73,143,132.79,150.37,1907272
5/28/2024,186.73,158.05,183.09,173.71,183.02,5074411
5/29/2024,170.84,113.92,111.99,103.67,166.4,1536364
5/30/2024,183.7,144.4,173.49,147.48,133.84,1903057
5/31/2024,169.75,162.62,153.15,133.63,193.55,2750652
6/3/2024,168.01,148.89,128.79,192.05,191.22,3619909
6/4/2024,161.86,140.18,149.28,101.2,120.93,1663478
6/5/2024,175.27,199.38,129.99,155.28,103.94,5139524
6/6/2024,115.86,188.03,159.61,174.07,174.13,1990993
6/7/2024,188.09,162.34,143.38,148.5,182.76,7394544
6/10/2024,187.18,156.94,116.44,108.54,196.79,2588049
6/11/2024,102.92,162.07,111.66,197.25,188.98,1959296
6/12/2024,182.58,120.13,154.67,151.8,160.05,9337746
6/13/2024,112.89,139.51,190.24,161.42,153.01,8914933
6/14/2024,133.51,103.95,134.4,123.66,102.78,1262530
6/17/2024,174.35,147.55,173.3,148.35,124.67,4631097
6/18/2024,116.08,154.3,165.87,142.91,145.96,6708824
6/19/2024,181.8,122.77,193.16,107.49,162.85,3042361
6/20/2024,183.21,196.4,182.1,110.62,155.73,1217767
6/21/2024,150.75,190.95,156.66,183.75,174.26,2109970
6/24/2024,100.64,172.21,165.7,123.98,127.98,4870033
6/25/2024,128.7,153.34,189.84,119.5,156.5,6882545
6/26/2024,161.69,187,139.95,150.49,108.81,1187486
6/27/2024,198.12,113.07,132.68,176.87,141.37,8263776
6/28/2024,163.18,179.05,101.08,106.19,175.02,2628782
7/1/2024,125.98,112.48,182.66,157.68,169.34,4388284
7/2/2024,163.4,179.42,180.1,111.92,199.06,2733391
7/3/2024,154,127.58,110.45,103.65,127.79,9755198
7/4/2024,177.98,187.71,157.69,105.27,149.82,9483310
7/5/2024,110.7,194.4,146.4,183.42,132.95,3202661
7/8/2024,176.1,114.88,111.87,111.8,144.06,5550056
7/9/2024,154.13,146.27,198.06,104.52,185.7,2162886
7/10/2024,196.3,198.1,121.47,143.79,168.42,5075341
7/11/2024,134.19,148.34,106.72,184.4,188.24,3929386
7/12/2024,163.26,186.35,159.48,126.24,120.35,7401391
7/15/2024,193.2,158.87,173.89,142.17,187.34,4263647
7/16/2024,110.25,137.53,103.24,103.99,105.98,1958101
7/17/2024,193.72,128.58,165.87,144.91,188.86,1069519
7/18/2024,168.79,120.32,153.23,157.76,132.91,8838236
7/19/2024,106.78,176.18,110.33,157.09,131.46,1960655
7/22/2024,130.1,138.65,117.25,133.24,151.21,3141924
7/23/2024,170.82,151.13,156.8,131.55,194.07,3979674
7/24/2024,106.74,149.23,129.64,110.66,104.78,3292056
7/25/2024,158.22,157.73,193.83,136.68,135.22,9547596
7/26/2024,134.59,186.56,181.87,109.95,185.66,8122759
7/29/2024,162.09,198.07,198.36,176.66,139.61,3611895
7/30/2024,104.57,140.76,125.97,196.63,119.92,5233384
7/31/2024,187.15,182.75,196.97,197.01,142.48,8369080
8/1/2024,197.35,176.45,143.12,186.51,138.56,6852373
8/2/2024,196.89,157.35,134.75,160.08,191.54,8656887
8/5/2024,174.97,195.6,105.03,170.09,176.19,5450696
8/6/2024,113.01,120.05,105.28,128.52,150.51,3873382
8/7/2024,175.83,110.93,169.2,163.08,198.84,2390179
8/8/2024,102.46,185.4,145.79,145.56,146.53,9113324
8/9/2024,102.21,143.91,122.65,148.2,105.82,8128080
8/12/2024,132.36,184.7,161.4,175.78,126.23,6851361
8/13/2024,148.86,189.31,125.29,128.19,143.61,9314052
8/14/2024,177.04,106.25,157.76,131.8,115.69,4771414
8/15/2024,168.33,188.35,135.92,192.46,194.76,1746470
8/16/2024,144.59,144.83,182.36,105.62,176.68,8068566
8/19/2024,127.36,151.04,182.07,148.56,126.83,2918517
8/20/2024,199.71,162.66,147.74,191.28,159.08,4459544
8/21/2024,142.62,192.64,135.08,161.04,172.14,8272268
8/22/2024,145.14,101.91,136.26,154.64,194.13,3830095
8/23/2024,116.36,147.68,180.57,124.97,188.16,4429985
8/26/2024,179.48,168.77,132.82,134.33,151.52,2311414
8/27/2024,169.37,172.27,120.91,185.2,177.47,5185727
8/28/2024,122.08,169.25,108.47,155.92,156.21,9404196
8/29/2024,108.24,113.44,146.67,151.47,155.27,3814268
8/30/2024,168.05,129.94,148.21,109.96,111.47,9845909
9/2/2024,165.45,135.87,184.09,101.6,112.61,8058175
9/3/2024,127.33,180.44,122.12,196.37,152.95,5017763
9/4/2024,195.09,127.88,138.1,137.7,126.89,8931827
9/5/2024,115.11,121.07,180.84,160.32,102.1,9435969
9/6/2024,143.23,195.74,182.36,107.97,172.28,8136735
9/9/2024,194.36,100.89,138.46,168.31,103.25,9232823
9/10/2024,141.97,199.78,145.91,193.26,159.53,3239665
9/11/2024,163.85,167.68,130.33,157.57,153.92,7363395
9/12/2024,139.76,182.85,193.26,112.61,196.88,4423604
9/13/2024,127.42,129.46,111.86,158.17,148.42,7084556
9/16/2024,198.4,101.43,193.37,176.63,106.36,2844348
9/17/2024,140.93,173.79,168.39,140.64,155.17,1759848
9/18/2024,189.41,183.41,153.16,187.98,184.11,8100282
9/19/2024,123,174.05,103.27,164.87,199.68,2592023
9/20/2024,121.31,114.29,147.56,189.92,143.03,9510974
9/23/2024,103.11,175.34,140.77,162.35,132.03,3293316
9/24/2024,165.17,176.89,116.12,113.13,190.67,2539152
9/25/2024,136.85,165.85,165.64,130.97,119.12,1823837
9/26/2024,186.44,176.61,197.12,120.18,161.54,9781384
9/27/2024,147.32,184.59,156.22,190.88,140.57,1356440
9/30/2024,196.82,161.36,171.48,176.04,104.11,1841618
10/1/2024,118.55,108.86,106.85,167.64,134.73,6991233
10/2/2024,186.86,148.76,141.77,130.1,126.52,5729124
10/3/2024,177.66,107.76,111.64,118.4,168.61,2035340
10/4/2024,177.09,140.75,161.28,175.65,194.88,9366126
10/7/2024,184.48,140.71,193.85,147.42,126.8,1103021
10/8/2024,176.1,106.6,166.18,122.58,181.15,8081159
10/9/2024,162.62,134.88,107.68,161.66,105.54,3011562
10/10/2024,113.12,111.1,135.47,104.03,153.81,9388817
10/11/2024,103.25,180.82,155.07,132.62,107.06,9610679
10/14/2024,192.08,194.77,140.32,146.86,193.4,4806627
10/15/2024,161.67,107.23,183.36,114.8,176.64,3903561
10/16/2024,179.65,195.51,181.47,198.47,165.79,6473024
10/17/2024,148.15,152.26,161.18,120.91,182.39,1216194
10/18/2024,111.73,129.96,137.35,113.04,164.75,3454082
10/21/2024,112.52,107.69,125.53,120.35,196.89,7474467
10/22/2024,168.56,150.06,110.59,176.91,171.4,7965410
10/23/2024,143.03,179.45,135.49,142.55,192.47,4597326
10/24/2024,120.05,170.71,141.32,156.54,151.71,9396007
10/25/2024,149.16,105.02,167.58,102.1,111.71,6757122
10/28/2024,106.42,107.29,165.82,103.44,152.82,5857162
10/29/2024,158.2,140.29,107.01,144.58,112.69,7132138
10/30/2024,126.9,129.53,139.53,181.67,159.25,7664677
10/31/2024,179.76,123.24,118.18,188.52,148.25,2034023
11/1/2024,131.04,128.1,115.68,108.67,162.26,9177088
11/4/2024,145.52,180.35,182.73,153.84,101,9782153
11/5/2024,101.16,192.92,104.19,191.32,119.48,1300763
11/6/2024,107.24,140.51,141.92,138.8,149.13,4849182
11/7/2024,139.25,190.61,116.82,182.96,195.05,2564458
11/8/2024,147.99,132.15,187.93,113.37,138.36,8919584
11/11/2024,160,147.64,155.7,193.54,142.44,5242154
11/12/2024,129.17,122.6,123.14,175.14,171.47,2577586
11/13/2024,169.5,164.05,150.24,194.13,160.38,5474220
11/14/2024,186.01,197.9,173.15,167.66,129.89,9736857
11/15/2024,177.99,160.35,195.81,136.34,141.08,1986275
11/18/2024,103.96,135.78,122.04,193.82,121.77,2410124
11/19/2024,148.05,164.78,188.62,127.56,196.6,3532000
11/20/2024,110.49,112.29,193.43,133.22,113.06,4394020
11/21/2024,124.2,188.87,191.64,170.08,137.18,1810586
11/22/2024,198.67,150.31,163.54,176.53,102.58,8753302
11/25/2024,114.25,144.93,162.98,192.94,122.18,2599826
11/26/2024,149.89,158.59,140.32,120.48,178.05,2348483
11/27/2024,161.82,162.48,175.24,179.8,120.12,1981598
11/28/2024,170.25,107.18,153.13,173.85,108.01,5042974
11/29/2024,155.96,168.26,167.74,106.38,147.45,9420149
12/2/2024,100.98,124.19,142.85,138.72,101,9864367
12/3/2024,132.65,171.4,173.15,128.28,108.48,3844510
12/4/2024,151.77,182.25,182.45,130.45,180.76,5323492
12/5/2024,108.79,180.4,114.64,198.29,177.15,1208150
12/6/2024,135.06,155.25,183.29,164.28,191.51,3573338
12/9/2024,103.32,152.02,154.03,171.77,185.45,2858777
12/10/2024,107.86,114.29,184.47,197.66,168.32,7510529
12/11/2024,139.69,177.53,143.13,137.72,105.23,1480620
12/12/2024,113.27,127.14,137.9,180.18,178.28,5935500
12/13/2024,156.75,149.67,191.51,143.45,184.55,5863099
12/16/2024,168.95,128.43,125.12,186.95,179.91,5919314
12/17/2024,180.06,113.38,184.42,118.07,150.85,7993152
12/18/2024,120.02,162.96,148.4,194.77,123.29,7196519
12/19/2024,116.75,105.43,151.41,121.88,184.53,2122207
12/20/2024,110.46,174.86,130.85,132.62,172.72,3690927
12/23/2024,163.64,131.76,157.3,175.62,198.08,4036124
12/24/2024,170.65,100.01,132.52,139.38,115.57,1427557
12/25/2024,103.16,151.11,103.93,160.82,122.57,3165456
12/26/2024,193.62,104.69,127.2,144.46,121.18,1365750
12/27/2024,105.2,127.62,100.64,174.24,179.25,8517618
12/30/2024,154.13,170.7,197.84,122.83,118.69,8767227
12/31/2024,170.91,106.27,196.57,105.85,106.67,1484103
